portuguese,pronunciation_ru,russian,category,type,examples,notes
Ola!,,"привет, можно говорить кому угодно",Базовые слова,Done,,
BOM DIA,,с 7 утра до 12 дня (если еще не пообедали),Базовые слова,New,,
BOA TARDE,,с 12 до 19 (уже пообедали),Базовые слова,Done,,
BOA NOITE,,с 19 до 00,Базовые слова,Done,,
"BOM, BOA",,good,Базовые слова,New,,
DIA,,день,Базовые слова,Done,,
TARDE,,afternoon,Базовые слова,New,,
Adeus!,адэуш,до свидания! (более официальный),Базовые слова,,,
Tchau! ,,пока,Базовые слова,,,
Até à próxima! / Até quarta,атэ а проксима ,до следующего (раза)! до новых встреч / до среды,Базовые слова,,,
Beijinhos! ,бэйжиньюш,Поцелуйчики! ,Базовые слова,,,
Abraços! ,абрасуш,обнимания (мужчины мужчинам говорят),Базовые слова,,,
manhã,манья,утро,Базовые слова,,,
eu,эу,я,Базовые слова,Done,личные местоимения,местоимения
tu,ту,ты,Базовые слова,New,,местоимения
ti,ти,ты (после предлога),Базовые слова,,"Eu olho para ti. - Я смотрю на тебя.
Isto é para ti. — Это для тебя.",
ele,эл,он,Базовые слова,New,,местоимения
ela,эла,она,Базовые слова,New,,местоимения
você,восэ,Вы (в ед.ч. уважительно),Базовые слова,New,,местоимения
isto,ишту,"это (средний род, указательное местоимение)",Базовые слова,,"Isto é difícil. — Это трудно.
O que é isto? — Что это?
Isto não é verdade. — Это неправда.",
isso,ису,это (рядом с тобой / уже упомянутое),Базовые слова,,,
aquilo,,то (далеко от обоих),Базовые слова,,,
nós,нош,мы,Базовые слова,New,,местоимения
eles ,элеш,"они (группа мужчин или смешанная группа)
Местоимение 3-го лица множественного числа
Используется, когда говорим о ком-то (не участвует в разговоре)",Базовые слова,,Eles são meus amigos. — Они мои друзья.,местоимения
elas,элаш,"они (только женщины)
Местоимение 3-го лица множественного числа
Используется, когда говорим о ком-то (не участвует в разговоре)",Базовые слова,,Elas estudam medicina. — Они (девушки) учатся на врачей.,местоимения
vocês,восэш,"Вы (во множ.ч)
Местоимение 2-го лица множественного числа (в разговорной речи)
Используется, когда обращаешься к нескольким людям
Универсальное обращение ко множеству людей независимо от пола
Есть еще vos - но это устаревшая литературная форма ",Базовые слова,,"Vocês estão prontos? — Вы готовы?
Vocês estão prontos? — Вы готовы?",местоимения
mulher,мулер (в Duo муляш),женщина,"Люди, семья, дом",New,,
homem,омем,мужчина,"Люди, семья, дом",New,,
humano,уману,человек,"Люди, семья, дом",,,
o menino,а менино,мальчик,"Люди, семья, дом",New,,
a menina,менина,девочка,"Люди, семья, дом",New,,
avó,авО,бабушка,"Люди, семья, дом",New,,
avô,авУ,дедушка,"Люди, семья, дом",New,,
abdômen,абдомэн,живот,Части тела,New,,
barriga,,желудок,Части тела,,,
queixo,кейжу,подбородок,Части тела,New,,
braço,брасу,рука от плеча до кисти / arm,Части тела,New,,
mão,,"ладонь, кисть / hand",Части тела,New,,
cara,кара,лицо,Части тела,New,,
lado,ладу,сторона,Части тела,New,,
dedo,деду,палец,Части тела,New,,
costas,кошташ,спина,Части тела,New,,
língua,лингуа,язык,Части тела,New,,
nariz,нариш,нос,Части тела,New,,
orelha,орЭлья,ухо,Части тела,New,,
joelho,жУэлью,колено,Части тела,New,,
pele,пЭл,кожа,Части тела,New,,
músculo,мускулу,мышцы,Части тела,New,,
boca,бока,рот,Части тела,New,,
cotovelo,котовелу,локоть / elbow,Части тела,New,,
pescoço,пешкосу,шея,Части тела,New,,
dente,дэнтэ,зуб,Части тела,New,,
ombro,омбру,плечо,Части тела,New,,
lábio,лабиу,губа,Части тела,New,,
olho,олью,глаз,Части тела,New,,
perna,пэрна,нога (от бедра до щиколотки),Части тела,New,,
pé,пээ,стопа,Части тела,New,,
unha,унья,ногодь,Части тела,New,,
pestana,пыштана,ресница,Части тела,New,,
cabelo,кабэл,волосы,Части тела,New,,
coração,курэсау,сердце,Части тела,New,,
estômago,эштомагу,желудок,Части тела,New,,
osso,оссу,кость,Части тела,New,,
cérebro,сэрэбру,мозг,Части тела,New,,
cicatriz,сикатриш,шрам,Части тела,,,
casada / casado,казада(о),замужем / женат,"Люди, семья, дом",New,,
solteira,солтэйра,незамужем,"Люди, семья, дом",New,,
divorciada(о),диворсиада(у),разведена,"Люди, семья, дом",New,,
vizinho,визинью,сосед,"Люди, семья, дом",New,,
beber,бебер,пить,Глаголы правильные,New,,
achar,ашар,находить / думать / считать / полагать,Глаголы правильные,,,
amar,амар,любить,Глаголы правильные,,,
andar,андар,ходить,Глаголы правильные,,,
ajudar,ажудар,помогать,Глаголы правильные,,,
abrir,абрир,открывать,Глаголы правильные,,,
aceitar,асейтар,принимать,Глаголы правильные,,,
aprender,апрендэр,учиться,Глаголы правильные,,,
acreditar,акредитар,верить,Глаголы правильные,,,
apagar,апагар,выключать,Глаголы правильные,,,
arrumar,аррумар,убирать,Глаголы правильные,,,
cantar                ,кантар,петь,Глаголы правильные,,,
chamar,шамар,звать,Глаголы правильные,,,
começar,комэсар,начинать,Глаголы правильные,,,
comer,комер,есть,Глаголы правильные,,,
comprar,компрар,покупать,Глаголы правильные,,,
convidar,конвида́р,приглашать,Глаголы правильные,,,
cozinhar,козиньяр,готовить,Глаголы правильные,,,
dançar,дансар,танцевать,Глаголы правильные,,,
desejar,дэзэжар,желать,Глаголы правильные,,,
descansar,дешкансар,отдыхать,Глаголы правильные,,,
estudar,эштудар,учиться,Глаголы правильные,,,
escrever,эшкревер,писать,Глаголы правильные,,,
explicar,эшпликар,объяснять,Глаголы правильные,,,
falar,фалар,говорить,Глаголы правильные,,,
fechar,фэшар,закрывать,Глаголы правильные,,,
ficar,фикар,оставаться,Глаголы правильные,,,
funcionar,функсионар,работать (о приборах),Глаголы правильные,,,
ganhar,ганьяр,выигрывать,Глаголы правильные,,,
gostar,гоштар,нравиться,Глаголы правильные,,,
jogar,жогар,играть,Глаголы правильные,,,
lavar,лавар,мыть,Глаголы правильные,,,
lembrar,лембрар,помнить,Глаголы правильные,,,
levar,лева́р,"нести, брать с собой",Глаголы правильные,,,
mandar,мандар,посылать,Глаголы правильные,,,
morar,морар,жить,Глаголы правильные,,,
mostrar,моштрар,показывать,Глаголы правильные,,,
mudar,мудар,менять,Глаголы правильные,,,
nadar,надар,плавать,Глаголы правильные,,,
olhar,оляр,смотреть,Глаголы правильные,,,
precisar,прэсизар,нуждаться,Глаголы правильные,,,
procurar,прокурар,искать,Глаголы правильные,,,
perguntar,пэргунтар,спрашивать,Глаголы правильные,,,
preparar,прэпарар,готовить,Глаголы правильные,,,
reparar,рэпарар,чинить,Глаголы правильные,,,
sonhar,соняр,мечтать,Глаголы правильные,,,
terminar,терминар,заканчивать,Глаголы правильные,,,
telefonar,телефонар,звонить,Глаголы правильные,,,
tentar,тэнтар,пытаться,Глаголы правильные,,,
tocar,токар,"трогать, играть (на инструменте)",Глаголы правильные,,,
trabalhar,трабальяр,работать,Глаголы правильные,,,
usar,узар,использовать,Глаголы правильные,,,
viajar,виажар,путешествовать,Глаголы правильные,,,
visitar,визитар,навещать,Глаголы правильные,,,
vestir ,вестир,одеваться ,Глаголы правильные,,,
voltar,волтар,возвращаться,Глаголы правильные,,,
cuidar,куидар,заботиться,Глаголы правильные,,,
copiar,копиар,копировать,Глаголы правильные,,,
esperar,эшперар,"ждать, надеяться",Глаголы правильные,,,
surpreendida,сумпрэндида,удивленный,Прилагательные: эмоции,New,,
apaixonado,апайшунаду,страстный,Прилагательные: эмоции,New,,
feliz,фэлиз,счастливый,Прилагательные: эмоции,New,,
triste,тришт,грустный,Прилагательные: эмоции,New,,
cansado,кансаду,уставший,Прилагательные: эмоции,New,,
descansado,дешкансаду,отдохнувший,Прилагательные: эмоции,,,
nervoso,нэрвозу,нервный,Прилагательные: эмоции,New,,
calmo,калму,спокойный,Прилагательные: эмоции,New,,
zangado,зангаду,злой,Прилагательные: эмоции,New,,
animado,анимаду,воодушевлённый,Прилагательные: эмоции,New,,
chateado,шатэаду,расстроенный,Прилагательные: эмоции,New,,
doce,доси,сладкий,Прилагательные: вкусы,New,"A laranja é doce - Апельсин (ж) сладкий.
pingo doce - сладкая капля",
salgado,салгаду,солёный,Прилагательные: вкусы,,,
amargo,амаргу,горький,Прилагательные: вкусы,,,
azedo,азеду,кислый,Прилагательные: вкусы,,,
picante,пиканти,острый,Прилагательные: вкусы,,,
vermelho,вермэлью,красный,Прилагательные: цвета,,,
azul,азул,синий,Прилагательные: цвета,,,
amarelo,амарелу,жёлтый,Прилагательные: цвета,,,
verde,верди,зелёный,Прилагательные: цвета,,,
branco,бранку,белый,Прилагательные: цвета,,,
preto,прэту,чёрный,Прилагательные: цвета,,,
laranja,ларанжа,оранжевый,Прилагательные: цвета,,A laranja é laranja,
rosa,роза,розовый,Прилагательные: цвета,,,
cinzento,синзэнту,серый,Прилагательные: цвета,,,
grande,гранди,большой,Прилагательные: размеры,,,
pequeno,пекену,маленький,Прилагательные: размеры,,,
longo,лонгу,длинный,Прилагательные: размеры,,,
curto,курту,короткий,Прилагательные: размеры,,,
alto,алту,высокий,Прилагательные: размеры,,,
baixo,байшу,низкий,Прилагательные: размеры,,,
doente,дуэнт,больной,Прилагательные: общие,,,
saudável,саудавэл,здоровый,Прилагательные: общие,,,
fácil,фасил,лёгкий (простой),Прилагательные: общие,,,
difícil,дифисил,трудный,Прилагательные: общие,,,
novo,нову,новый,Прилагательные: общие,,,
velho,вэлью,старый,Прилагательные: общие,,,
bom,бон,хороший,Прилагательные: общие,,,
mau,мау,плохой,Прилагательные: общие,,,
bonito,бониту,красивый,Прилагательные: общие,,,
feio,фэю,некрасивый,Прилагательные: общие,,,
honesto,онешту,честный,Прилагательные: общие,,,
pronto,про́нту,готовый ,Прилагательные: общие,,Estou pronta para sair – Я готовa выйти / A comida está pronta. - Еда готова,
bêbado,бебаду,пьяный,Прилагательные: общие,,Ele está bêbado - Он пьяный,
o que,у ке,что,Базовые слова,,O que você quer? – Что ты хочешь?,
quem,кень,кто,Базовые слова,,Quem está aí? – Кто там?,
onde,ондже,где,Базовые слова,,Onde você mora? – Где ты живёшь?,
aonde,аондже,куда,Базовые слова,,Aonde você vai? – Куда ты идёшь?,
de onde,джи ондже,откуда,Базовые слова,,De onde você é? – Откуда ты?,
quando,кванду,когда,Базовые слова,,Quando começa o filme? – Когда начинается фильм?,
quanto,куанту,сколько (муж. род),Базовые слова,,Quanto custa isso? – Сколько это стоит?,
quanta,куанта,сколько (жен. род),Базовые слова,,Quanta água você bebe por dia? – Сколько воды ты пьёшь в день?,
quantos,куантуш,сколько (множ. м. р.),Базовые слова,,Quantos irmãos você tem? – Сколько у тебя братьев?,
quantas,куантас,сколько (множ. ж. р.),Базовые слова,,Quantas horas você dorme? – Сколько часов ты спишь?,
como,кому,как,Базовые слова,,Como você está? – Как ты? / Как ты себя чувствуешь?,
por que,пор ке,почему,Базовые слова,,Por que você está triste? – Почему ты грустный?,
para que,пара ке,зачем,Базовые слова,,Para que serve isso? – Зачем это нужно?,
qual,куаль,какой / который,Базовые слова,,Qual é o seu nome? – Как тебя зовут? / Какое твоё имя?,
quais,куайш,какие (множественное),Базовые слова,,Quais são os seus livros favoritos? – Какие твои любимые книги?,
arroz,аррос,рис,Еда: супермаркет,,Você gosta de arroz? – Тебе нравится рис?,
pão,па̃у,хлеб,Еда: супермаркет,,Eu quero comprar pão. – Я хочу купить хлеб.,
massa,масса,макароны,Еда: супермаркет,,Hoje vamos comer massa. – Сегодня будем есть макароны.,
farinha,фаринья,мука,Еда: супермаркет,,Tem farinha em casa? – Дома есть мука?,
aveia,авейя,овсянка,Еда: супермаркет,,Eu como aveia no café da manhã. – Я ем овсянку на завтрак.,
leite,лейтчи,молоко,Еда: супермаркет,,Você toma leite? – Ты пьёшь молоко?,
queijo,кейжу,сыр,Еда: супермаркет,,Gosto de pão com queijo. – Мне нравится хлеб с сыром.,
manteiga,мантейга,масло,Еда: супермаркет,,Preciso de manteiga. – Мне нужно масло.,
iogurte,йогурти,йогурт,Еда: супермаркет,,Você quer iogurte natural? – Ты хочешь натуральный йогурт?,
ovo,ову,яйцо,Еда: супермаркет,,Eu comi dois ovos. – Я съел два яйца.,
carne,карни,мясо,Еда: супермаркет,,Você come carne? – Ты ешь мясо?,
frango,франгу,курица,Еда: супермаркет,,Hoje temos frango assado. – Сегодня у нас жареная курица.,
porco,порку,свинина,Еда: супермаркет,,Ele não come carne de porco. – Он не ест свинину.,
vitela,витела,телятина,Еда: супермаркет,,Vitela é uma carne macia. – Телятина — это нежное мясо.,
peixe,пейш,рыба,Еда: супермаркет,,Este peixe está ótimo. – Эта рыба отличная.,
água,агуа,вода,Еда: супермаркет,,Quero uma garrafa de água. – Хочу бутылку воды.,
bagas,багас,ягоды,Еда: супермаркет,,,
café,кафе,кофе,Еда: супермаркет,,Vamos tomar um café? – Пойдём выпьем кофе?,
cerveja,сервежа,пиво,Еда: супермаркет,,Ele gosta de cerveja. – Ему нравится пиво.,
vinho,винью,вино,Еда: супермаркет,,Você prefere vinho tinto? – Ты предпочитаешь красное вино?,
bebida,бебида,напиток,Еда: супермаркет,,Quer uma bebida? – Хочешь напиток?,
alface,алфасе,салат (листья),Еда: супермаркет,,Comprei alface fresca. – Я купила свежий салат.,
batata,батата,картофель,Еда: супермаркет,,Batata frita é muito boa. – Жареный картофель очень вкусный.,
beterraba,бетэрраба,свёкла,Еда: супермаркет,,Você gosta de beterraba? – Тебе нравится свёкла?,
cenoura,сенура,морковь,Еда: супермаркет,,O coelho come cenoura. – Кролик ест морковь.,
cebola,себола,лук,Еда: супермаркет,,Preciso cortar cebola. – Мне нужно нарезать лук.,
couve,кови,капуста,Еда: супермаркет,,Gosto de couve refogada. – Мне нравится тушёная капуста.,
ervilha,эрвилья,горошек,Еда: супермаркет,,Tem ervilha na sopa. – В супе есть горошек.,
espinafre,эспинафри,шпинат,Еда: супермаркет,,Comi espinafre com alho. – Я ел шпинат с чесноком.,
fava,фава,бобы,Еда: супермаркет,,Fava é rica em proteína. – Бобы богаты белком.,
lentilha,лентилья,чечевица,Еда: супермаркет,,Lentilha é saudável. – Чечевица полезна.,
milho,милью,кукуруза,Еда: супермаркет,,Milho assado é ótimo. – Жареная кукуруза — это вкусно.,
pepino,пепину,огурец,Еда: супермаркет,,Você gosta de pepino? – Тебе нравится огурец?,
tomate,туматчи,помидор,Еда: супермаркет,,Tomate vai bem com queijo. – Помидор хорошо сочетается с сыром.,
garrafa,гаррафа,бутылка,Еда: супермаркет,,"Uma garrafa de água, por favor. – Бутылку воды, пожалуйста.",
saco,саку,пакет,Еда: супермаркет,,Você quer um saco? – Хочешь пакет?,
dinheiro,диньейру,деньги,Еда: супермаркет,,Tem dinheiro trocado? – Есть мелкие деньги?,
sal,сал,соль,Еда: супермаркет,,"Passe o sal, por favor. – Передай соль, пожалуйста.",
açúcar,асукар,сахар,Еда: супермаркет,,Não uso açúcar no chá. – Я не кладу сахар в чай.,
caixa,кайша,касса,Еда: супермаркет,,A fila está na caixa. – Очередь у кассы.,
banana,банана,банан,Еда: супермаркет,,A banana está madura. – Банан спелый.,
fruta,фрута,фрукт,Еда: супермаркет,,Eu gosto de fruta fresca. – Я люблю свежие фрукты.,
uva,ува,виноград,Еда: супермаркет,,Uva verde é mais ácida. – Зелёный виноград более кислый.,
maçã,масã,яблоко,Еда: супермаркет,,Quero uma maçã. – Хочу яблоко.,
laranja,ларанжа,апельсин,Еда: супермаркет,,Laranja tem muita vitamina C. – Апельсин содержит много витамина С.,
melancia,мэлансия,арбуз,Еда: супермаркет,,Melancia é boa no verão. – Арбуз хорош летом.,
morango,мурангу,клубника,Еда: супермаркет,,Gosto de morango com açúcar. – Мне нравится клубника с сахаром.,
abacaxi,абакаши,ананас,Еда: супермаркет,,Abacaxi é doce e ácido. – Ананас сладкий и кислый.,
abacate,абакати,авокадо,Еда: супермаркет,,Como abacate com limão. – Я ем авокадо с лимоном.,
pêssego,пэссигу,персик,Еда: супермаркет,,O pêssego está macio. – Персик мягкий.,
pera,пейра,груша,Еда: супермаркет,,A pera está verde ainda. – Груша ещё зелёная.,
coco,коку,кокос,Еда: супермаркет,,Você já provou coco fresco? – Ты пробовал свежий кокос?,
figo,фигу,инжир,Еда: супермаркет,,Figo seco é muito doce. – Сушёный инжир очень сладкий.,
ameixa,амейша,слива,Еда: супермаркет,,A ameixa está madura. – Слива спелая.,
cereja,сэрежа,вишня,Еда: супермаркет,,Comprei cereja no mercado. – Я купил вишню на рынке.,
framboesa,фрамбоуэза,малина,Еда: супермаркет,,Framboesa é uma fruta delicada. – Малина — это нежная ягода.,
mirtilo,миртилу,черника,Еда: супермаркет,,Mirtilo é ótimo no iogurte. – Черника хорошо сочетается с йогуртом.,
kiwi,киви,киви,Еда: супермаркет,,Kiwi tem muita vitamina C. – В киви много витамина С.,
mamão,мама̃у,папайя,Еда: супермаркет,,Mamão é ótimo no café da manhã. – Папайя хороша на завтрак.,
manga,манга,манго,Еда: супермаркет,,A manga está bem doce. – Манго очень сладкий.,
melão,мелãу,дыня,Еда: супермаркет,,Melão gelado é refrescante. – Холодная дыня освежает.,
menu,мэну,меню,Еда: ресторан,,Posso ver o menu? – Можно посмотреть меню?,
prato,прату,блюдо,Еда: ресторан,,Qual é o prato do dia? – Какое сегодня блюдо дня?,
entrada,ентрада,закуска,Еда: ресторан,,Vamos pedir uma entrada. – Давайте закажем закуску.,
sobremesa,собрэмеза,десерт,Еда: ресторан,,Você quer sobremesa? – Хочешь десерт?,
garçom,гарсõ,официант,Еда: ресторан,,"Garçom, por favor! – Официант, пожалуйста!",
conta,конта,счёт,Еда: ресторан,,Pode trazer a conta? – Можно принести счёт?,
mesa,меза,стол (ж.р),Еда: ресторан,,Tem mesa para dois? – Есть столик на двоих?,
reserva,хезерва,бронь,Еда: ресторан,,Fiz uma reserva para hoje. – Я сделал бронь на сегодня.,
cardápio,карда́пиу,меню,Еда: ресторан,,O cardápio está na mesa. – Меню на столе.,
pedido,педжиду,заказ,Еда: ресторан,,Vamos fazer o pedido. – Давайте сделаем заказ.,
cliente,клиэнти,клиент,Еда: ресторан,,O cliente está esperando. – Клиент ждёт.,
porção,порса̃у,порция,Еда: ресторан,,É uma porção pequena. – Это маленькая порция.,
gorjeta,горжэта,чаевые,Еда: ресторан,,Deixamos a gorjeta na mesa. – Мы оставили чаевые на столе.,
cozinhar,козиньяр,готовить,Еда: кулинария,,Eu gosto de cozinhar. – Мне нравится готовить.,
ferver,фервер,кипятить,Еда: кулинария,,Ferva a água primeiro. – Сначала вскипятите воду.,
assar,асар,запекать,Еда: кулинария,,Vamos assar o frango. – Давайте запечём курицу.,
fritar,фритар,жарить,Еда: кулинария,,Ela vai fritar batatas. – Она будет жарить картошку.,
grelhar,грельяр,готовить на гриле,Еда: кулинария,,Vou grelhar peixe hoje. – Сегодня я приготовлю рыбу на гриле.,
cozido,козиду,варёный,Еда: кулинария,,O ovo está cozido. – Яйцо сварено.,
frito,фриту,жареный,Еда: кулинария,,Frango frito é delicioso. – Жареная курица вкусная.,
assado,ассаду,запечённый,Еда: кулинария,,Gosto de legumes assados. – Мне нравятся запечённые овощи.,
cru,кру,сырой,Еда: кулинария,,Não como peixe cru. – Я не ем сырую рыбу.,
bem passado,бэн пассаду,хорошо прожаренный,Еда: кулинария,,Quero bife bem passado. – Я хочу хорошо прожаренный стейк.,
mal passado,мал пассаду,слабо прожаренный,Еда: кулинария,,Ele pediu o bife mal passado. – Он заказал слабо прожаренный стейк.,
temperar,темперар,приправлять,Еда: кулинария,,Você já temperou a salada? – Ты уже приправил салат?,
misturar,мистурар,смешивать,Еда: кулинария,,Misture bem os ingredientes. – Хорошо перемешай ингредиенты.,
mexer,мешер,мешать,Еда: кулинария,,Mexa o molho com cuidado. – Осторожно помешивай соус.,
cortar,кортар,резать,Еда: кулинария,,Vou cortar os legumes. – Я порежу овощи.,
esquentar,эшкентар,разогревать,Еда: кулинария,,Preciso esquentar a sopa. – Мне нужно разогреть суп.,
descascar,дешкашкар,чистить (от кожуры),Еда: кулинария,,Vou descascar as batatas. – Я почищу картошку.,
panela,панела,кастрюля,Еда: кулинария,,A panela está no fogão. – Кастрюля на плите.,
frigorífico,,холодильник,Еда: кулинария,,,
frigideira,фрижидейра,сковорода,Еда: кулинария,,Frite na frigideira. – Жарьте на сковороде.,
fogão,,плита (м.р),Еда: кулинария,,,
forno,форну,духовка,Еда: кулинария,,O bolo está no forno. – Пирог в духовке.,
colher,кольер,ложка,Еда: кулинария,,Pegue uma colher. – Возьми ложку.,
garfo,гарфу,вилка,Еда: кулинария,,O garfo está na mesa. – Вилка на столе.,
faca,фака,нож,Еда: кулинария,,Use uma faca afiada. – Используй острый нож.,
tábua,табуа,разделочная доска,Еда: кулинария,,Corte na tábua. – Режь на доске.,
torrada,тухрада,тост,Еда: кулинария,,,
prato,прату,тарелка,Еда: кулинария,,O prato está limpo. – Тарелка чистая.,
copos,копуш,стаканы,Еда: кулинария,,Tem copos limpos? – Есть чистые стаканы?,
sangue,"санг-ы, носовой звук на “ã”",кровь,Части тела,,Análise de sangue - Анализ крови. O sangue é vermelho - Кровь — красная.,
árvore,арвори,дерево,Животные и природа,,A árvore é muito alta. – Дерево очень высокое.,
asa,аза,крыло,Животные и природа,,,
flor / as flores ,флор,цветок (ж.р),Животные и природа,,Gosto do cheiro desta flor. – Мне нравится запах этого цветка.,
planta,планта,растение,Животные и природа,,Tenho muitas plantas em casa. – У меня дома много растений.,
grama,грама,трава,Животные и природа,,As crianças brincam na grama. – Дети играют на траве.,
relva,рэлва,газон,Животные и природа,,O parque tem relva verde. – В парке зелёный газон.,
céu,сэу,небо,Животные и природа,,O céu está azul hoje. – Сегодня небо голубое.,
nuvem,нувен,облако,Животные и природа,,Há muitas nuvens no céu. – На небе много облаков.,
chuva,шува,дождь,Животные и природа,,A chuva começou agora. – Дождь только что начался.,
sol,соль,солнце,Животные и природа,,O sol está forte hoje. – Сегодня сильное солнце.,
vento,вэнту,ветер,Животные и природа,,O vento está frio. – Ветер холодный.,
mar,мар,море,Животные и природа,,O mar está calmo. – Море спокойное.,
rio,риу,река,Животные и природа,,Vamos nadar no rio. – Пойдём купаться в реке.,
lago,лагу,озеро,Животные и природа,,Este lago é bonito. – Это озеро красивое.,
montanha,монтанья,гора,Животные и природа,,Subimos a montanha. – Мы поднялись на гору.,
praia,прайя,пляж,Животные и природа,,Eu adoro ir à praia. – Я обожаю ходить на пляж.,
areia,арейя,песок,Животные и природа,,A areia está quente. – Песок горячий.,
terra,терра,земля,Животные и природа,,A terra está molhada. – Земля влажная.,
fogo,фогу,огонь,Животные и природа,,O fogo aquece a casa. – Огонь согревает дом.,
pedra,педра,камень,Животные и природа,,Peguei uma pedra da praia. – Я взял камень с пляжа.,
animal,анимал,животное,Животные и природа,,Este animal é selvagem. – Это дикое животное.,
passarinho,пассаринью,птичка,Животные и природа,,Um passarinho canta na árvore. – Птичка поёт на дереве.,
cão,ка̃у (носовой звук),собака (кобель),Животные и природа,,,
cadela,каде́ла,собака (сука),Животные и природа,,,
caçar,касар,охота,Животные и природа,,,
cavalo / égua,кавалу / эгва,жеребец / кобыла,Животные и природа,,,
vaca / boi,вака / бой,корова / бык,Животные и природа,,,
porco / porca,порку / порка,свинья(м) / свиноматка,Животные и природа,,,
ovelha / carneiro,овэлья / карнейру,овца / баран,Животные и природа,,,
ouriço,оурису,ежик,Животные и природа,,,
cabra / bode,кабра / боде,коза / козёл,Животные и природа,,,
galinha / galo,галинья/галу,курица/петух,Животные и природа,,,
coelho / coelha,куэлью/куэлья,кролик/крольчиха,Животные и природа,,,
pato,пату,утка,Животные и природа,,,
águia,агья,орел,Животные и природа,,,
leão/leoa,леа̃у / леоа,лев / львица,Животные и природа,,,
tigre,тигри,тигр,Животные и природа,,,
elefante,элифанти,слон,Животные и природа,,,
urso,урсу,медведь,Животные и природа,,,
raposa,рапоза,лиса,Животные и природа,,,
lobo,лобу,волк,Животные и природа,,,
camelo,камелу,верблюд,Животные и природа,,,
macaco,макаку,обезьяна,Животные и природа,,,
polvo,полву,осьминог,Животные и природа,,,
tartaruga,тартаруга,черепаха,Животные и природа,,,
golfinho,голфинью,дельфин,Животные и природа,,,
tubarão,тубара̃у,акула,Животные и природа,,,
corvo,корву,ворон,Животные и природа,,,
coruja,коружа,сова,Животные и природа,,,
morcego,морсегу,летучая мышь,Животные и природа,,,
aranha,аранья,паук,Животные и природа,,,
formiga,формига,муравей,Животные и природа,,,
abelha,абелья,пчела,Животные и природа,,,
lagarto,лагарту,ящерица,Животные и природа,,,
cobra,кобра,змея,Животные и природа,,,
burro/burra,бурру / бурра,осёл / ослица,Животные и природа,,,
cisne,сизни,лебедь,Животные и природа,,,
ganso,гансу,гусь,Животные и природа,,,
pombo,помбу,голубь,Животные и природа,,,
região,р̆ижиау,регион,Город,,,
cidade,сидаджи,город,Город,,Lisboa é uma cidade bonita. – Лиссабон — красивый город.,
rua,р̆уа,улица,Город,,A rua está vazia. – Улица пустая.,
estrada,эстрада,дорога,Город,,A estrada está em obras. – Дорога на ремонте.,
praça,праса,площадь,Город,,Vamos encontrar na praça. – Встретимся на площади.,
edifício,эдифисиу,здание,Город,,O meu edifício tem cinco andares. – В моём здании пять этажей.,
casa,каза,дом,Город,,Esta é a minha casa. – Это мой дом.,
apartamento,апартаменту,квартира,Город,,Moro num apartamento pequeno. – Я живу в маленькой квартире.,
loja,ложа,магазин,Город,,A loja está aberta. – Магазин открыт.,
mercado,меркаду,рынок,Город,,Fui ao mercado comprar frutas. – Я ходил на рынок за фруктами.,
parque,парки,парк,Город,,Vamos passear no parque. – Пойдём гулять в парк.,
igreja,игрэйжа,церковь,Город,,Há uma igreja antiga aqui. – Здесь есть старая церковь.,
escola,"(ы)школа 
ы-проглатывается",школа,Город,,A escola fica perto de casa. – Школа рядом с домом.,
hospital,ушпитал,больница,Город,,O hospital está longe. – Больница далеко.,
farmácia,фармасия,аптека,Город,,Preciso ir à farmácia. – Мне нужно в аптеку.,
restaurante,рестаура́нти,ресторан,Город,,Conheço um bom restaurante. – Я знаю хороший ресторан.,
café,кафе,кафе,Город,,Vamos ao café tomar algo. – Пойдём в кафе что-нибудь выпить.,
estação,эштасãу,станция,Город,,A estação está à direita. – Станция справа.,
paragem,паражем,остановка,Город,,Esperamos na paragem. – Мы ждём на остановке.,
carro,карху,машина,Город,,Tenho um carro pequeno. – У меня маленькая машина.,
autocarro,аутокарру,автобус,Город,,O autocarro chega em cinco minutos. – Автобус прибудет через 5 минут.,
comboio,комбойу,поезд,Город,,Vamos de comboio para o Porto. – Поедем поездом в Порту.,
metro,метру,метро,Город,,O metro é rápido. – Метро быстрое.,
bicicleta,бисиклета,велосипед,Город,,Ando de bicicleta todos os dias. – Я езжу на велосипеде каждый день.,
trotinete,тротинете,самокат,Город,,Ela usa uma trotinete elétrica. – Она ездит на электросамокате.,
mota,мота,мотоцикл,Город,,Ele tem uma mota nova. – У него новый мотоцикл.,
avião,авиа̃у,самолёт,Город,,O avião vai decolar. – Самолёт собирается взлетать.,
barco,барку,лодка,Город,,Vamos andar de barco. – Пойдём кататься на лодке.,
camioneta,камионета,междугородний автобус,Город,,A camioneta sai às 9h. – Междугородний автобус уходит в 9 утра.,
quarto,кварту,спальня,"Люди, семья, дом",,O quarto tem uma cama grande. – В спальне большая кровать.,
sala / sala de estar,сала,гостиная,"Люди, семья, дом",,A sala tem um sofá confortável. – В гостиной стоит удобный диван.,
cozinha,кузинья,кухня,"Люди, семья, дом",,Eu gosto de cozinhar na cozinha. – Мне нравится готовить на кухне.,
casa de banho,каза де банью,ванная,"Люди, семья, дом",,A casa de banho tem duche. – В ванной есть душ.,
corredor,корредор,коридор,"Люди, семья, дом",,O corredor é estreito. – Коридор узкий.,
varanda,варанда,балкон,"Люди, семья, дом",,Tomamos café na varanda. – Мы пьем кофе на балконе.,
entrada / hall de entrada,ентрада,прихожая / вход,"Люди, семья, дом",,Deixei os sapatos na entrada. – Я оставил обувь у входа.,
escritório,эшкриториу,кабинет,"Люди, семья, дом",,Trabalho no meu escritório. – Я работаю в своём кабинете.,
garagem ,гара́жэнь,гараж,"Люди, семья, дом",,,
cama,кама,кровать,"Люди, семья, дом",,A cama é confortável. – Кровать удобная.,
sofá,софа,диван,"Люди, семья, дом",,Estamos sentados no sofá. – Мы сидим на диване.,
mesa,меза,стол,"Люди, семья, дом",,Pus os pratos na mesa. – Я поставил тарелки на стол.,
cadeira,кадейра,стул,"Люди, семья, дом",,Preciso de mais uma cadeira. – Мне нужен ещё один стул.,
armário,армариу,шкаф,"Люди, семья, дом",,O armário está cheio de roupas. – Шкаф полон одежды.,
estante,эштант,книжная полка,"Люди, семья, дом",,Os livros estão na estante. – Книги на полке.,
espelho,эшпелью,зеркало,"Люди, семья, дом",,Olhei-me no espelho. – Я посмотрел(а) в зеркало.,
tapete,тапети,ковёр,"Люди, семья, дом",,O tapete é colorido. – Ковёр разноцветный.,
lâmpada,лампада,лампа,"Люди, семья, дом",,A lâmpada está acesa. – Лампа включена.,
janela,,окно,,,,
gaveta,гавета,ящик,"Люди, семья, дом",,A gaveta está trancada. – Ящик закрыт.,
camisa,камиза,рубашка,"Люди, семья, дом",,Ele está a usar uma camisa branca. – Он в белой рубашке.,
camiseta,камизета,футболка,"Люди, семья, дом",,Gosto de usar camisetas no verão. – Мне нравится носить футболки летом.,
calças,калсаш,брюки,"Люди, семья, дом",,Estas calças são novas. – Эти брюки новые.,
calções,калшо̃йс,шорты,"Люди, семья, дом",,No verão uso calções. – Летом я ношу шорты.,
saia,сайя,юбка,"Люди, семья, дом",,A saia dela é azul. – У неё синяя юбка.,
vestido,вештиду,платье,"Люди, семья, дом",,Ela comprou um vestido novo. – Она купила новое платье.,
casaco,казаку,куртка / пальто,"Люди, семья, дом",,"Leva um casaco, está frio. – Возьми куртку, холодно.",
blusão,блуза̃у,ветровка,"Люди, семья, дом",,"Ele tirou o blusão ao chegar. – Он снял ветровку, когда пришёл.",
suéter,суэтер,свитер,"Люди, семья, дом",,Preciso de um suéter quente. – Мне нужен тёплый свитер.,
roupa interior,роупа интерьёр,нижнее бельё,"Люди, семья, дом",,Comprei roupa interior nova. – Я купил(а) новое бельё.,
meias,мейаш,носки,"Люди, семья, дом",,Onde estão as minhas meias? – Где мои носки?,
sapatos,сапатуш,туфли / обувь,"Люди, семья, дом",,Os sapatos são pretos. – Туфли чёрные.,
ténis,тэниш,кроссовки,"Люди, семья, дом",,Gosto de usar ténis confortáveis. – Мне нравится носить удобные кроссовки.,
botas,боташ,сапоги / ботинки,"Люди, семья, дом",,No inverno uso botas. – Зимой я ношу сапоги.,
chinelos,шинелуш,тапочки / шлёпанцы,"Люди, семья, дом",,Uso chinelos em casa. – Я ношу тапочки дома.,
cinto,синту,ремень,"Люди, семья, дом",,O cinto é de couro. – Ремень из кожи.,
luvas,луваш,перчатки,"Люди, семья, дом",,As luvas estão no bolso. – Перчатки в кармане.,
cachecol,кашекол,шарф,"Люди, семья, дом",,Ele usa um cachecol de lã. – Он носит шерстяной шарф.,
chapéu,шапе́у,шляпа / головной убор,"Люди, семья, дом",,Ela está com um chapéu bonito. – У неё красивая шляпа.,
óculos de sol,окулуш де соль,солнцезащитные очки,"Люди, семья, дом",,Preciso dos meus óculos de sol. – Мне нужны мои солнечные очки.,
o que,у ке,что / это ,Базовые слова,,O que você quer comer? – Что ты хочешь поесть?,вопросительные слова
quem,кейн,кто,Базовые слова,,Quem é ele? – Кто он?,вопросительные слова
onde,о(н)жи,где,Базовые слова,,Onde fica o supermercado? – Где находится супермаркет?,вопросительные слова
para onde,пара о(н)жи,куда,Базовые слова,,Para onde vamos agora? – Куда мы сейчас идём?,вопросительные слова
de onde,де о(н)жи,откуда,Базовые слова,,De onde você é? – Откуда ты?,вопросительные слова
como,кому,как,Базовые слова,,Como você está? – Как ты?,вопросительные слова
quando,куанду,когда,Базовые слова,,Quando é a reunião? – Когда встреча?,вопросительные слова
por que,пур ке,почему,Базовые слова,,Por que você está triste? – Почему ты грустный?,вопросительные слова
quanto,куанту,сколько (м.р.),Базовые слова,,Quanto custa isso? – Сколько это стоит?,вопросительные слова
quanta,куанта,сколько (ж.р.),Базовые слова,,Quanta água você bebe? – Сколько воды ты пьёшь?,вопросительные слова
quantos,куантуш,сколько (мн.ч. м.р.),Базовые слова,,Quantos anos você tem? – Сколько тебе лет?,вопросительные слова
quantas,куантас,сколько (мн.ч. ж.р.),Базовые слова,,Quantas pessoas vêm? – Сколько людей придёт?,вопросительные слова
qual,куал,какой / который (ед.ч.),Базовые слова,,Qual é o seu nome? – Как тебя зовут?,вопросительные слова
quais,куайш,какие / которые (мн.ч.),Базовые слова,,Quais são os seus livros? – Какие из них твои книги?,вопросительные слова
meu / minha,меу / миня,мой / моя,Базовые слова,,Este é o meu livro. – Это моя книга.,местоимения
teu / tua,теу / туa,твой / твоя,Базовые слова,,Onde está a tua casa? – Где твой дом?,местоимения
seu / sua,сеу / суa,ваш / его / её,Базовые слова,,O seu carro é novo. – Его (или ваш) автомобиль новый.,местоимения
nosso / nossa,носсу / носа,наш / наша,Базовые слова,,Nossa casa é bonita. – Наш дом красивый.,местоимения
os,уж ,эти / те - опред.артикль мужского рода ,Базовые слова,,os amigos - друзья,
em,эй̃,в / на,Базовые слова,,Estou em casa. – Я дома.,предлоги
"de
do (de+o)
da (de+a)
dos (de+os)
das (de+as)",джи,"из / от / ""родительный падеж"" (отсутствие, принадлежность кого? чего?)",Базовые слова,,"Sou de Portugal. – Я из Португалии.
Eu sou da Áustria.
Sou do Brasil.
O livro do Miguel. - Книга Мигеля. 
O carro da Claúdia. 
Os instrumentos dos músicos.",предлоги
a,а,к / в,Базовые слова,,Vou a Lisboa. – Еду в Лиссабон.,предлоги
com,ком,с,Базовые слова,,Falo com ele. – Говорю с ним.,предлоги
para,пара,"для / чтобы / к / в сторону 

в англ это разные предлоги to/for/at",Базовые слова,,"Este presente é para ti. – Этот подарок для тебя.
Estudo para aprender. — Я учусь, чтобы научиться.
Vou para casa. — Я иду домой.",предлоги
por,пур,через / за / по,Базовые слова,,Passei por aqui. – Проходил здесь.,предлоги
mas,маш,но ,Базовые слова,,,
mesmo,межму,такой же ,Базовые слова,,,
sem,сэ̃й,без,Базовые слова,,Não posso viver sem ti. – Не могу жить без тебя.,предлоги
sobre,собри,о / над / на,Базовые слова,,Falamos sobre o filme. – Мы говорим о фильме.,предлоги
entre,энтри,между,Базовые слова,,O livro está entre as revistas. – Книга между журналами.,предлоги
até,атэ,до,Базовые слова,,Trabalho até às seis. – Работаю до шести.,предлоги
aqui,аки,"здесь, тут",Базовые слова,,O teu casaco está aqui. – Твоя куртка здесь.,
médico / médica,медику / медика,врач,"Люди, семья, дом",,O médico trabalha no hospital. – Врач работает в больнице.,
enfermeiro / enfermeira,энфермейру / энфермейра,медбрат / медсестра,"Люди, семья, дом",,A enfermeira é muito simpática. – Медсестра очень милая.,
professor / professora,пруфессор / пруфессора,учитель / преподаватель,"Люди, семья, дом",,O professor explica bem. – Учитель хорошо объясняет.,
aluno ,,ученик,"Люди, семья, дом",,,
estudante,эштуданти,студент,"Люди, семья, дом",,Sou estudante de português. – Я изучаю португальский.,
advogado / advogada,адвогаду / адвогада,адвокат,"Люди, семья, дом",,O advogado defende o cliente. – Адвокат защищает клиента.,
engenheiro / engenheira,энженьейру / энженьейра,инженер,"Люди, семья, дом",,O engenheiro constrói pontes. – Инженер строит мосты.,
arquiteto / arquiteta,аркетету / аркетета,архитектор,"Люди, семья, дом",,A arquiteta desenhou a casa. – Архитектор спроектировала дом.,
motorista,моторишта,водитель,"Люди, семья, дом",,O motorista está atrasado. – Водитель опаздывает.,
polícia / policial,пулисия / пулисиал,полицейский,"Люди, семья, дом",,O polícia patrulha a área. – Полицейский патрулирует район.,
bombeiro / bombeira,бомбейру / бомбейра,пожарный,"Люди, семья, дом",,O bombeiro salvou o gato. – Пожарный спас кошку.,
cozinheiro / cozinheira,кузинейру / кузинейра,повар,"Люди, семья, дом",,O cozinheiro preparou o jantar. – Повар приготовил ужин.,
garçom / garçonete,гарсо̃ / гарсонетчи,официант / официантка,"Люди, семья, дом",,O garçom trouxe o menu. – Официант принёс меню.,
padeiro / padeira,падейру / падейра,пекарь,"Люди, семья, дом",,A padeira faz pão fresco. – Пекарь печёт свежий хлеб.,
cabeleireiro / cabeleireira,кабелейрейру / кабелейрейра,парикмахер,"Люди, семья, дом",,A cabeleireira cortou meu cabelo. – Парикмахер подстриг мне волосы.,
artista,артиста,артист,"Люди, семья, дом",,Ela é uma artista famosa. – Она известная артистка.,
ator / atriz,атор / атриш,актёр / актриса,"Люди, семья, дом",,O ator está num novo filme. – Актёр в новом фильме.,
cantor / cantora,кантор / кантора,певец / певица,"Люди, семья, дом",,A cantora tem uma voz linda. – У певицы прекрасный голос.,
escritor / escritora,эскритор / эскритора,писатель,"Люди, семья, дом",,O escritor publicou um novo livro. – Писатель выпустил новую книгу.,
fotógrafo / fotógrafa,фотографу / фотографа,фотограф,"Люди, семья, дом",,A fotógrafa tirou uma boa foto. – Фотограф сделала хороший снимок.,
veterinário / veterinária,ветеринариу / ветеринария,ветеринар,"Люди, семья, дом",,O veterinário cuida dos animais. – Ветеринар заботится о животных.,
manhã                                                                                                                                                     ,манья,утро,Числа и время,,,
amanhã,аманьЯн,завтра (наречия времени Когда?),Числа и время,New,,
hoje,Ож(и),сегодня,Числа и время,New,Hoje estou cansada. - Сегодня я устала.,
ontem,о́нтейн,вчера,Числа и время,New,Eu fui ao supermercado ontem. – Я вчера ходила в супермаркет.,
agora,агора,сейчас / теперь ,Числа и время,,"Agora não posso. - Сейчас не могу.
O que fazemos agora? - Что мы делаем сейчас?",
já,,уже,Числа и время,,,
ainda,,еще,Числа и время,,,
sempre,,всегда,Числа и время,,,
nunca,,никогда ,Числа и время,,,
depois,,потом,Числа и время,,,
logo,,скоро ,Числа и время,,,
primavera,примавэра,весна,Числа и время,,A primavera começa em março. – Весна начинается в марте.,
verão,вера̃у,лето,Числа и время,,O verão é quente em Portugal. – Лето жаркое в Португалии.,
outono,оутону,осень,Числа и время,,As folhas caem no outono. – Листья падают осенью.,
inverno,инверну,зима,Числа и время,,O inverno pode ser frio. – Зима может быть холодной.,
segunda-feira,сигунда фейра,понедельник,Числа и время,,Tenho aula na segunda-feira. – У меня урок в понедельник.,
terça-feira,терса фейра,вторник,Числа и время,,Vamos ao cinema na terça-feira. – Мы идём в кино во вторник.,
quarta-feira,куарта фейра,среда,Числа и время,,A reunião é na quarta-feira. – Встреча в среду.,
quinta-feira,кинта фейра,четверг,Числа и время,,Quinta-feira é dia de treino. – В четверг тренировка.,
sexta-feira,сейшта фейра,пятница,Числа и время,,Sexta-feira vamos sair. – В пятницу мы идём гулять.,
sábado,сабаду,суббота,Числа и время,,No sábado eu descanso. – В субботу я отдыхаю.,
domingo,домингу,воскресенье,Числа и время,,Domingo é dia de família. – Воскресенье — семейный день.,
janeiro,жанейру,январь,Числа и время,,Janeiro é o primeiro mês do ano. – Январь — первый месяц года.,
fevereiro,феврейру,февраль,Числа и время,,Fevereiro é o mês do Carnaval. – Февраль — месяц карнавала.,
março,марсу,март,Числа и время,,Março traz a primavera. – Март приносит весну.,
abril,абрил,апрель,Числа и время,,Abril tem muitos feriados. – В апреле много праздников.,
maio,маю,май,Числа и время,,Maio é um mês bonito. – Май — красивый месяц.,
junho,жунью,июнь,Числа и время,,Junho começa o verão. – В июне начинается лето.,
julho,жулью,июль,Числа и время,,Julho é um mês quente. – Июль — жаркий месяц.,
agosto,агосту,август,Числа и время,,Agosto é mês de férias. – Август — месяц отпусков.,
setembro,сэтембру,сентябрь,Числа и время,,Setembro começa o outono. – В сентябре начинается осень.,
outubro,оутубру,октябрь,Числа и время,,Outubro é o mês das folhas caídas. – Октябрь — месяц опавших листьев.,
novembro,новембру,ноябрь,Числа и время,,Novembro já é frio. – В ноябре уже холодно.,
dezembro,дезембру,декабрь,Числа и время,,Dezembro tem o Natal. – В декабре Рождество.,
TI = Tecnologia da Informação,,IT,,,,
Russa / Russo,,Русская (национальность) / Русский (язык),,,,
todo / toda / todos / todas,тОду,"весь, целый, каждый (с сущ.)
весь (м.р.) / вся (ж.р.) / все (м.р. мн.ч.) / все (ж.р. мн.ч.)",,,"todo + артикль + существительное
todo o dia — весь день
toda a noite — всю ночь
todos os dias — каждый день / все дни
todos os anos - тодузузануш - каждый год 
todas as semanas — каждую неделю
",
tudo,тУду,все (абстрактно),,,Eu li tudo. — Я всё прочитал.,
ano,ану,год,,,,
ovo,ову,яйцо,,,,
porta,порта ,дверь ,,,,
carta,карта,письмо,,,,
risco,хришку,риск ,,,,
riso,хризу,смех,,,,
tosse,тос,кашель,,,,
sabor,сабор,вкус,,,,
gente,женте,люди,,,,
agulha,агуля (lha=ля),иголка,,,,
falhar,фаляр (lha=ля),неудача,,,,
olhar,оляр (lha=ля),"смотреть (действие)
≠ ver — видеть (результат зрения)",,,"olhar para + объект
Eu olho para o mar. — Я смотрю на море.
Eu olho para ti. — Я смотрю на тебя.",
raro,р̆ару,редкий ,,,,
toalha,тоалья,полотенце,,,,
trabalho de casa,,домашняя работа ,,,,
seguinte,,следующий,,,,
caneta,,ручка,,,,